Domaine,Type,Catégorie,Sous-catégorie
CVC,,,
CVC,AEROTHERME,,
CVC,AEROTHERME,A EAU,
CVC,AEROTHERME,ELECTRIQUE,
CVC,AEROTHERME,GAZ,
CVC,AEROTHERME,VAPEUR,
CVC,APPROVISIONNEMENT FIOUL,,
CVC,APPROVISIONNEMENT FIOUL,VANNE POLICE FIOUL,
CVC,ARMOIRE DE CLIMATISATION,,
CVC,ARMOIRE DE CLIMATISATION,A EAU GLACEE,
CVC,ARMOIRE DE CLIMATISATION,AUTONOME (FLUIDE FRIGO),
CVC,ARMOIRE DE CLIMATISATION,MIXTE,
CVC,AUTRE,,
CVC,BALLON DE STOCKAGE EAU CHAUDE,,
CVC,BALLON DE STOCKAGE EAU GLACEE,,
CVC,BRÛLEUR,,
CVC,CENTRALE DE TRAITEMENT D'AIR (CTA),,
CVC,CENTRALE DE TRAITEMENT D'AIR (CTA),DOUBLE FLUX,
CVC,CENTRALE DE TRAITEMENT D'AIR (CTA),SIMPLE FLUX,
CVC,CHAUDIERE,,
CVC,CHAUDIERE,BIOMASSE,
CVC,CHAUDIERE,COGENERATION,
CVC,CHAUDIERE,COMBUSTIBLE MIXTE,
CVC,CHAUDIERE,ELECTRIQUE,
CVC,CHAUDIERE,FIOUL,
CVC,CHAUDIERE,GAZ,
CVC,CHAUDIERE,MURALE,
CVC,CHAUDIERE,VAPEUR,
CVC,CLIMATISEUR MOBILE,,
CVC,CLIMATISEUR MONOBLOC,,
CVC,CLIMATISEUR MONOBLOC REVERSIBLE,,
CVC,CONDENSEUR,,
CVC,CONDENSEUR,A AIR,
CVC,CONDENSEUR,A EAU,
CVC,CUVE,,
CVC,CUVE,FIOUL,
CVC,CUVE,GAZ,
CVC,DESTRATIFICATEUR,,
CVC,DRY COOLER,,
CVC,ECHANGEUR / RECUPERATEUR,,
CVC,ECHANGEUR / RECUPERATEUR,CALODUC,
CVC,ECHANGEUR / RECUPERATEUR,D'ENERGIE,
CVC,ECHANGEUR / RECUPERATEUR,DE FUMEES,
CVC,ECHANGEUR / RECUPERATEUR,ECHANGEUR A PLAQUES,
CVC,ECHANGEUR / RECUPERATEUR,ECHANGEUR TUBULAIRE,
CVC,EMETTEUR,,
CVC,EMETTEUR,EJECTO-CONVECTEUR,
CVC,EMETTEUR,INFRAROUGE,
CVC,EMETTEUR,MODULE DE TRAITEMENT D'AIR (MTA),
CVC,EMETTEUR,MUR CHAUFFANT,
CVC,EMETTEUR,PLAFOND FROID,
CVC,EMETTEUR,PLANCHER A EAU,
CVC,EMETTEUR,PLANCHER CHAUFFANT A EAU,
CVC,EMETTEUR,PLANCHER CHAUFFANT ELECTRIQUE,
CVC,EMETTEUR,PLANCHER RAFRAICHISSANT,
CVC,EMETTEUR,PLINTHE CHAUFFANTE,
CVC,EMETTEUR,POUTRE FROIDE,
CVC,EMETTEUR,RADIANT / RAYONNANT,
CVC,EMETTEUR,RADIATEUR A EAU,
CVC,EMETTEUR,RADIATEUR ELECTRIQUE,
CVC,EMETTEUR,RADIATEUR GAZ,
CVC,EMETTEUR,RADIATEUR MIXTE,
CVC,EMETTEUR,RIDEAU D'AIR A EAU,
CVC,EMETTEUR,RIDEAU D'AIR CHAUD ELECTRIQUE,
CVC,EMETTEUR,SPLIT-SYSTEM - UNITE INTERIEURE,
CVC,EMETTEUR,VENTILO-CONVECTEUR,
CVC,EMETTEUR,VENTILO-CONVECTEUR,CASSETTE PLAFONNIERE
CVC,EMETTEUR,VENTILO-CONVECTEUR,VENTILO GAINABLE
CVC,EMETTEUR,VRV - UNITE INTERIEURE,
CVC,GROUPE FROID,,
CVC,GROUPE FROID,A AB/ADSORPTION,
CVC,GROUPE FROID,A PISTON,
CVC,GROUPE FROID,A VIS,
CVC,GROUPE FROID,CENTRIFUGE,
CVC,GROUPE FROID,SCROLL,
ELECTRICITE COURANTS FAIBLES,CONTROLE D'ACCES,INTERPHONE,
ELECTRICITE COURANTS FAIBLES,CONTROLE D'ACCES,LECTEUR DE BADGES,
ELECTRICITE COURANTS FAIBLES,CONTROLE D'ACCES,PORTIQUE DÉTECTION MÉTAUX,
ELECTRICITE COURANTS FAIBLES,CONTROLE D'ACCES,SAS D’ACCES,
ELECTRICITE COURANTS FAIBLES,CONTROLE D'ACCES,SERRURE ELECTRIQUE,
ELECTRICITE COURANTS FAIBLES,CONTROLE D'ACCES,TAPIS SENSIBLE ET RADAR,
ELECTRICITE COURANTS FAIBLES,CONTROLE D'ACCES,TOURNIQUET,
ELECTRICITE COURANTS FAIBLES,CONTROLE D'ACCES,TRIPODE,
ELECTRICITE COURANTS FAIBLES,CONTROLE D'ACCES,TUNNEL A BAGAGE,
ELECTRICITE COURANTS FAIBLES,CONTROLE D'ACCES,UNITÉ TRAITEMENT LOCAL (UTL),
ELECTRICITE COURANTS FAIBLES,CONTROLE D'ACCES,VISIOPHONE,
ELECTRICITE COURANTS FAIBLES,GESTION TECHNIQUE,,
ELECTRICITE COURANTS FAIBLES,GESTION TECHNIQUE,DOMOTIQUE,
ELECTRICITE COURANTS FAIBLES,GESTION TECHNIQUE,POSTE GTB/GTC,
ELECTRICITE COURANTS FAIBLES,GESTION TECHNIQUE,TABLEAU D'ALARME TECHNIQUE,
ELECTRICITE COURANTS FAIBLES,MULTIMÉDIA,,
ELECTRICITE COURANTS FAIBLES,MULTIMÉDIA,AMPLIFICATEUR,
ELECTRICITE COURANTS FAIBLES,MULTIMÉDIA,ÉCRAN DE PROJECTION,
ELECTRICITE COURANTS FAIBLES,MULTIMÉDIA,SONORISATION,
ELECTRICITE COURANTS FAIBLES,MULTIMÉDIA,SYSTÈME DE VIDÉOCONFÉRENCE,
ELECTRICITE COURANTS FAIBLES,MULTIMÉDIA,TÉLÉVISION,
ELECTRICITE COURANTS FAIBLES,MULTIMÉDIA,VIDÉOPROJECTEUR,
ELECTRICITE COURANTS FAIBLES,RÉSEAU DE COMMUNICATION,,
ELECTRICITE COURANTS FAIBLES,RÉSEAU DE COMMUNICATION,AUTOCOMMUTATEUR,
ELECTRICITE COURANTS FAIBLES,RÉSEAU DE COMMUNICATION,BAIE DE BRASSAGE,
ELECTRICITE COURANTS FAIBLES,RÉSEAU DE COMMUNICATION,BORNE DECT,
ELECTRICITE COURANTS FAIBLES,RÉSEAU DE COMMUNICATION,BORNE WIFI,
ELECTRICITE COURANTS FAIBLES,RÉSEAU DE COMMUNICATION,COFFRET VDI,
ELECTRICITE COURANTS FAIBLES,RÉSEAU DE COMMUNICATION,FIBRE OPTIQUE,
ELECTRICITE COURANTS FAIBLES,RÉSEAU DE COMMUNICATION,POSTE TÉLÉPHONIQUE,
ELECTRICITE COURANTS FAIBLES,RÉSEAU DE COMMUNICATION,PRISE RJ45,
ELECTRICITE COURANTS FAIBLES,RÉSEAU DE COMMUNICATION,SERVEUR,
ELECTRICITE COURANTS FAIBLES,RÉSEAU DE COMMUNICATION,SWITCH,
ELECTRICITE COURANTS FAIBLES,SONDE,,
ELECTRICITE COURANTS FAIBLES,SYSTÈME ANT-INTRUSION,,
ELECTRICITE COURANTS FAIBLES,SYSTÈME ANT-INTRUSION,ALARME,
ELECTRICITE COURANTS FAIBLES,SYSTÈME ANT-INTRUSION,BARRIÈRE INFRAROUGE,
ELECTRICITE COURANTS FAIBLES,SYSTÈME ANT-INTRUSION,BARRIÈRE INFRAROUGE,DE FAÇADE
ELECTRICITE COURANTS FAIBLES,SYSTÈME ANT-INTRUSION,BARRIÈRE INFRAROUGE,SUR COLONNE
ELECTRICITE COURANTS FAIBLES,SYSTÈME ANT-INTRUSION,BARRIÈRE LASER,
ELECTRICITE COURANTS FAIBLES,SYSTÈME ANT-INTRUSION,CÂBLE A CHOCS,
ELECTRICITE COURANTS FAIBLES,SYSTÈME ANT-INTRUSION,CENTRALE,
ELECTRICITE COURANTS FAIBLES,SYSTÈME ANT-INTRUSION,DETECTEUR,
ELECTRICITE COURANTS FAIBLES,SYSTÈME ANT-INTRUSION,DETECTEUR,PERIMETRIQUE
ELECTRICITE COURANTS FAIBLES,SYSTÈME ANT-INTRUSION,DETECTEUR,VOLUMETRIQUE
ELECTRICITE COURANTS FAIBLES,SYSTÈME DE DÉTECTION DE FUITE,,
ELECTRICITE COURANTS FAIBLES,SYSTÈME DE RÉGULATION,,
ELECTRICITE COURANTS FAIBLES,SYSTÈME DE RÉGULATION,ARMOIRE AUTOMATE,
ELECTRICITE COURANTS FAIBLES,SYSTÈME DE RÉGULATION,AUTOMATE,
ELECTRICITE COURANTS FAIBLES,SYSTÈME DE RÉGULATION,CONCENTRATEUR,
ELECTRICITE COURANTS FAIBLES,SYSTÈME DE RÉGULATION,REGULATEUR,
ELECTRICITE COURANTS FAIBLES,SYSTÈME DE RÉGULATION,REPARTITEUR,
ELECTRICITE COURANTS FAIBLES,SYSTÈME DE RÉGULATION,ROUTEUR,
ELECTRICITE COURANTS FAIBLES,SYSTÈME DE VIDÉOSURVEILLANCE,,
ELECTRICITE COURANTS FAIBLES,SYSTÈME DE VIDÉOSURVEILLANCE,CAMERA,
ELECTRICITE COURANTS FAIBLES,SYSTÈME DE VIDÉOSURVEILLANCE,ENREGISTREUR,
ELECTRICITE COURANTS FAIBLES,SYSTÈME DE VIDÉOSURVEILLANCE,POSTE CLIENT (PC),
ELECTRICITE COURANTS FORTS,,,
ELECTRICITE COURANTS FORTS,ARMOIRE ELECTRIQUE,,
ELECTRICITE COURANTS FORTS,ARMOIRE ELECTRIQUE,DE COMMANDE,
ELECTRICITE COURANTS FORTS,ARMOIRE ELECTRIQUE,DIVISIONNAIRE,
ELECTRICITE COURANTS FORTS,AUTRE,,
ELECTRICITE COURANTS FORTS,BATTERIE DE CONDENSATEURS,,
ELECTRICITE COURANTS FORTS,BORNE DE RECHARGE VÉHICULE ÉLECTRIQUE,,
ELECTRICITE COURANTS FORTS,CELLULE HT/MT,,
ELECTRICITE COURANTS FORTS,CELLULE HT/MT,COMPTAGE,
ELECTRICITE COURANTS FORTS,CELLULE HT/MT,DIJSONCTEUR,
ELECTRICITE COURANTS FORTS,CELLULE HT/MT,INTERRUPTEUR HT,
ELECTRICITE COURANTS FORTS,CELLULE HT/MT,INTERRUPTEUR-FUSIBLE,
ELECTRICITE COURANTS FORTS,CENTRALE DE MESURES,,
ELECTRICITE COURANTS FORTS,CHARGEUR DE BATTERIE,,
ELECTRICITE COURANTS FORTS,COFFRET ELECTRIQUE,,
ELECTRICITE COURANTS FORTS,COFFRET ELECTRIQUE,ANTI-PANIQUE,
ELECTRICITE COURANTS FORTS,COFFRET ELECTRIQUE,ASCENSEUR - DTU,
ELECTRICITE COURANTS FORTS,COFFRET ELECTRIQUE,DE CHANTIER,
ELECTRICITE COURANTS FORTS,COFFRET ELECTRIQUE,DE COMMANDE,
ELECTRICITE COURANTS FORTS,COFFRET ELECTRIQUE,SOURCE SECOURUE,
ELECTRICITE COURANTS FORTS,COMMANDE D'ÉCLAIRAGE,,
ELECTRICITE COURANTS FORTS,COMMANDE D'ÉCLAIRAGE,DÉTECTEUR DE PRÉSENCE,
ELECTRICITE COURANTS FORTS,COMMANDE D'ÉCLAIRAGE,INTERRUPTEUR D'ÉCLAIRAGE,
ELECTRICITE COURANTS FORTS,CONTROLEUR D'ISOLEMENT,,
ELECTRICITE COURANTS FORTS,CUVE FIOUL,,
ELECTRICITE COURANTS FORTS,ECLAIRAGE DE SECURITE,,
ELECTRICITE COURANTS FORTS,ECLAIRAGE DE SECURITE,BAES,
ELECTRICITE COURANTS FORTS,ECLAIRAGE DE SECURITE,BAES D'AMBIANCE,
ELECTRICITE COURANTS FORTS,ECLAIRAGE DE SECURITE,BAES POUR HABITATION (B.A.E.H),
ELECTRICITE COURANTS FORTS,ECLAIRAGE DE SECURITE,BAPI,
ELECTRICITE COURANTS FORTS,ECLAIRAGE DE SECURITE,CENTRALE DE GESTION (DCP),
ELECTRICITE COURANTS FORTS,ECLAIRAGE DE SECURITE,LUMINAIRE SUR SOURCE CENTRALISEE (LSC),
ELECTRICITE COURANTS FORTS,ECLAIRAGE EXTERIEUR,,
ELECTRICITE COURANTS FORTS,ECLAIRAGE EXTERIEUR,ENSEIGNE LUMINEUSE,
ELECTRICITE COURANTS FORTS,ECLAIRAGE EXTERIEUR,PARKING,
ELECTRICITE COURANTS FORTS,ECLAIRAGE EXTERIEUR,VOIE DE CIRCULATION,
ELECTRICITE COURANTS FORTS,ECLAIRAGE INTERIEUR,,
ELECTRICITE COURANTS FORTS,ECLAIRAGE INTERIEUR,AMBIANCE / DECORATIF,
ELECTRICITE COURANTS FORTS,ECLAIRAGE INTERIEUR,PARKING,
ELECTRICITE COURANTS FORTS,ECLAIRAGE INTERIEUR,SANITAIRES,
ELECTRICITE COURANTS FORTS,ECLAIRAGE INTERIEUR,VESTIAIRE,
ELECTRICITE COURANTS FORTS,ECLAIRAGE INTERIEUR,VOIE DE CIRCULATION,
ELECTRICITE COURANTS FORTS,ECLAIRAGE INTERIEUR,ZONE DE TRAVAIL,
ELECTRICITE COURANTS FORTS,GROUPE ELECTROGENE,,
ELECTRICITE COURANTS FORTS,GROUPE ELECTROGENE,GROUPE MOTO-ALTERNATEUR,
ELECTRICITE COURANTS FORTS,GROUPE ELECTROGENE,GROUPE TEMPS ZERO,
ELECTRICITE COURANTS FORTS,INVERSEUR DE SOURCE,,
ELECTRICITE COURANTS FORTS,ONDULEUR,,
ELECTRICITE COURANTS FORTS,ORGANE DE COUPURE ELECTRIQUE,,
ELECTRICITE COURANTS FORTS,ORGANE DE COUPURE ELECTRIQUE,DISJONCTEUR GÉNÉRAL,
ELECTRICITE COURANTS FORTS,PERMUTATEUR DE SOURCE HT,,
ELECTRICITE COURANTS FORTS,PERMUTATEUR DE SOURCE HT,INTERFACE DE TELECONDUITE DES INTERRUPTEURS (ITI),
ELECTRICITE COURANTS FORTS,PERMUTATEUR DE SOURCE HT,PERMUTATEUR AUTOMATIQUE DE SOURCE D'ALIMENTATION (PASA),
ELECTRICITE COURANTS FORTS,PROTECTION FOUDRE,,
ELECTRICITE COURANTS FORTS,PROTECTION FOUDRE,CARDEW,
ELECTRICITE COURANTS FORTS,PROTECTION FOUDRE,COMPTEUR FOUDRE,
ELECTRICITE COURANTS FORTS,PROTECTION FOUDRE,PARAFOUDRE,
ELECTRICITE COURANTS FORTS,PROTECTION FOUDRE,PARASURTENSEUR,
ELECTRICITE COURANTS FORTS,PROTECTION FOUDRE,PARATONNERRE,
ELECTRICITE COURANTS FORTS,PROTECTION FOUDRE,PARATONNERRE,A CAGE MAILLE
ELECTRICITE COURANTS FORTS,PROTECTION FOUDRE,PARATONNERRE,A DISPOSITIF D'AMORCAGE (PDA)
ELECTRICITE COURANTS FORTS,PROTECTION FOUDRE,PARATONNERRE,A FILS TENDUS
ELECTRICITE COURANTS FORTS,PROTECTION FOUDRE,PARATONNERRE,A TIGE SIMPLE (PTS)
ELECTRICITE COURANTS FORTS,RESEAU DE DISTRIBUTION ELECTRIQUE,,
ELECTRICITE COURANTS FORTS,RESEAU DE DISTRIBUTION ELECTRIQUE,CABLE ELECTRIQUE,
ELECTRICITE COURANTS FORTS,RESEAU DE DISTRIBUTION ELECTRIQUE,CABLE SECURITE INCENDIE,
ELECTRICITE COURANTS FORTS,RESEAU DE DISTRIBUTION ELECTRIQUE,CAISSON DE DISTRIBUTION,
ELECTRICITE COURANTS FORTS,RESEAU DE DISTRIBUTION ELECTRIQUE,GAINE A BARRE,
ELECTRICITE COURANTS FORTS,RESEAU DE DISTRIBUTION ELECTRIQUE,PRISE ELECTRIQUE,
ELECTRICITE COURANTS FORTS,TGBT (TABLEAU GENERAL BASSE TENSION),,
ELECTRICITE COURANTS FORTS,TGS (TABLEAU GENERAL DE SECURITE),,
ELECTRICITE COURANTS FORTS,TRACEUR,,
ELECTRICITE COURANTS FORTS,TRANSFORMATEUR,,
ELECTRICITE COURANTS FORTS,TRANSFORMATEUR,GENERATEUR HOMOPOLAIRE,
ELECTRICITE COURANTS FORTS,TRANSFORMATEUR,IMMERGE,
ELECTRICITE COURANTS FORTS,TRANSFORMATEUR,SEC,
ELECTRICITE COURANTS FORTS,VARIATEUR DE VITESSE,,
ENERGIES RENOUVELABLES,,,
ENERGIES RENOUVELABLES,AUTRE,,
ENERGIES RENOUVELABLES,SOLAIRE PHOTOVOLTAÏQUE,,
ENERGIES RENOUVELABLES,SOLAIRE PHOTOVOLTAÏQUE,PANNEAU PHOTOVOLTAÏQUE,
ENERGIES RENOUVELABLES,SOLAIRE PHOTOVOLTAÏQUE,REDRESSEUR,
ENERGIES RENOUVELABLES,SOLAIRE THERMIQUE,,
ENERGIES RENOUVELABLES,SOLAIRE THERMIQUE,BALLON SOLAIRE THERMIQUE,
ENERGIES RENOUVELABLES,SOLAIRE THERMIQUE,PANNEAU SOLAIRE THERMIQUE,
ENERGIES RENOUVELABLES,STATION GNV,,
ENERGIES RENOUVELABLES,STATION GNV,BORNE DE DISTRIBUTION,
ENERGIES RENOUVELABLES,STATION GNV,Cuve GNV,
ENERGIES RENOUVELABLES,STATION GNV,DÉTENDEUR GNV,
ENERGIES RENOUVELABLES,STATION GNV,MODULE DE COMPRESSION,
ENERGIES RENOUVELABLES,SYSTEME BIOMASSE,,
ENERGIES RENOUVELABLES,SYSTEME BIOMASSE,ALIMENTATION,
ENERGIES RENOUVELABLES,SYSTEME BIOMASSE,ALIMENTATION,FOYER CHAMBRE DE COMBUSTION ET GRILLE
ENERGIES RENOUVELABLES,SYSTEME BIOMASSE,ALIMENTATION,GRAPPIN
ENERGIES RENOUVELABLES,SYSTEME BIOMASSE,ALIMENTATION,POUSSOIR
ENERGIES RENOUVELABLES,SYSTEME BIOMASSE,ALIMENTATION,VIS DE CHARGEMENT
ENERGIES RENOUVELABLES,SYSTEME BIOMASSE,CENTRALE HYDRAULIQUE,
ENERGIES RENOUVELABLES,SYSTEME BIOMASSE,CENTRALE HYDRAULIQUE,CLAPET
ENERGIES RENOUVELABLES,SYSTEME BIOMASSE,CENTRALE HYDRAULIQUE,VÉRIN
ENERGIES RENOUVELABLES,SYSTEME BIOMASSE,CHEMINEE ET CARNEAU,
ENERGIES RENOUVELABLES,SYSTEME BIOMASSE,CONVOYEUR,
ENERGIES RENOUVELABLES,SYSTEME BIOMASSE,CONVOYEUR,A BANDES
ENERGIES RENOUVELABLES,SYSTEME BIOMASSE,CONVOYEUR,A RACLEURS
ENERGIES RENOUVELABLES,SYSTEME BIOMASSE,CONVOYEUR,A TAPIS
ENERGIES RENOUVELABLES,SYSTEME BIOMASSE,CONVOYEUR,A VIS
ENERGIES RENOUVELABLES,SYSTEME BIOMASSE,CONVOYEUR,DE CENDRES A RACLEURS
ENERGIES RENOUVELABLES,SYSTEME BIOMASSE,CONVOYEUR,DE CENDRES A VIS
ENERGIES RENOUVELABLES,SYSTEME BIOMASSE,CONVOYEUR,MOTO-RÉDUCTEUR
ENERGIES RENOUVELABLES,SYSTEME BIOMASSE,EXTRACTEUR,
ENERGIES RENOUVELABLES,SYSTEME BIOMASSE,EXTRACTEUR,DE FUMÉES
ENERGIES RENOUVELABLES,SYSTEME BIOMASSE,EXTRACTEUR,DE SILO AVEC BRAS ROTATIF
ENERGIES RENOUVELABLES,SYSTEME BIOMASSE,EXTRACTEUR,DE SILO AVEC ECHELLE MOBILE
ENERGIES RENOUVELABLES,SYSTEME BIOMASSE,STOCKAGE,
ENERGIES RENOUVELABLES,SYSTEME BIOMASSE,STOCKAGE,CONTAINER
ENERGIES RENOUVELABLES,SYSTEME BIOMASSE,STOCKAGE,SILO
ENERGIES RENOUVELABLES,SYSTEME BIOMASSE,TRAITEMENT,
ENERGIES RENOUVELABLES,SYSTEME BIOMASSE,TRAITEMENT,DÉPOUSSIÉREUR CYCLONIQUE
ENERGIES RENOUVELABLES,SYSTEME BIOMASSE,TRAITEMENT,ELECTROFILTRE
ENERGIES RENOUVELABLES,SYSTEME BIOMASSE,TRAITEMENT,FILTRE A MANCHE
ENERGIES RENOUVELABLES,SYSTÈME ÉOLIEN,,
ENERGIES RENOUVELABLES,SYSTÈME ÉOLIEN,CABINE,
ENERGIES RENOUVELABLES,SYSTÈME ÉOLIEN,CONE DE PROTECTION,
ENERGIES RENOUVELABLES,SYSTÈME ÉOLIEN,FREIN,
ENERGIES RENOUVELABLES,SYSTÈME ÉOLIEN,GÉNÉRATRICE,
ENERGIES RENOUVELABLES,SYSTÈME ÉOLIEN,GÉNÉRATRICE,ACCOUPLEMENTS
ENERGIES RENOUVELABLES,SYSTÈME ÉOLIEN,GÉNÉRATRICE,ARBRE PRINCIPAL
ENERGIES RENOUVELABLES,SYSTÈME ÉOLIEN,GÉNÉRATRICE,BRAS DE TRANSMISSION DE COUPLE (AMORTISSEUR)
ENERGIES RENOUVELABLES,SYSTÈME ÉOLIEN,GÉNÉRATRICE,MULTIPLICATEUR DE VITESSE
ENERGIES RENOUVELABLES,SYSTÈME ÉOLIEN,MAT,
ENERGIES RENOUVELABLES,SYSTÈME ÉOLIEN,MOYEU,
ENERGIES RENOUVELABLES,SYSTÈME ÉOLIEN,PALE,
ENERGIES RENOUVELABLES,SYSTÈME ÉOLIEN,PROTECTION EOLIENNE,
ENERGIES RENOUVELABLES,SYSTÈME ÉOLIEN,SYSTÈME GESTION,
ENERGIES RENOUVELABLES,SYSTÈME ÉOLIEN,SYSTÈME GESTION,AUTOMATE DE PILOTAGE
ENERGIES RENOUVELABLES,SYSTÈME ÉOLIEN,SYSTÈME GESTION,GROUPE ET CIRCUIT DE COMMANDE
ENERGIES RENOUVELABLES,SYSTÈME ÉOLIEN,SYSTÈME GESTION,SYSTÈME D'ORIENTATION (YAW)
ENERGIES RENOUVELABLES,SYSTÈME ÉOLIEN,SYSTÈME GESTION,SYSTÈME DE CALAGE DES PALES
ENERGIES RENOUVELABLES,SYSTÈME ÉOLIEN,SYSTÈME GESTION,SYSTÈME DE DÉTECTION INCENDIE
ENERGIES RENOUVELABLES,SYSTÈME GÉOTHERMIQUE,,
ENERGIES RENOUVELABLES,SYSTÈME GÉOTHERMIQUE,COLLECTEUR,
ENERGIES RENOUVELABLES,SYSTÈME GÉOTHERMIQUE,COLLECTEUR DE SONDES,
ENERGIES RENOUVELABLES,SYSTÈME GÉOTHERMIQUE,PUIT,
ENERGIES RENOUVELABLES,SYSTÈME GÉOTHERMIQUE,SONDES,
INCENDIE ET SECURITE,,,
INCENDIE ET SECURITE,ALIMENTATION ELECTRIQUE DE SECURITE (AES),,
INCENDIE ET SECURITE,AUTRE,,
INCENDIE ET SECURITE,BOUCHE D'INCENDIE,,
INCENDIE ET SECURITE,COLONNE EXTINCTION INCENDIE,,
INCENDIE ET SECURITE,COLONNE EXTINCTION INCENDIE,COLONNE HUMIDE,
INCENDIE ET SECURITE,COLONNE EXTINCTION INCENDIE,COLONNE SECHE,
INCENDIE ET SECURITE,COMMANDE DESENFUMAGE NATUREL,,
INCENDIE ET SECURITE,DISPOSITIF ADAPTEUR DE COMMANDE DAC,,
INCENDIE ET SECURITE,DISTRIBUTION HYDRAULIQUE,,
INCENDIE ET SECURITE,EQUIPEMENT D'ALARME EA,,
INCENDIE ET SECURITE,EQUIPEMENT D'ALARME EA,BLOC AUTONOME D'ALARME SONORE BAAS,
INCENDIE ET SECURITE,EQUIPEMENT D'ALARME EA,CENTRALISEUR DE MISE EN SECURITE INCENDIE CMSI,
INCENDIE ET SECURITE,EQUIPEMENT D'ALARME EA,EQUIPEMENT DE CONTROLE ET DE SIGNALISATION ECS,
INCENDIE ET SECURITE,EQUIPEMENT D'ALARME EA,REPORT D'ALARME,
INCENDIE ET SECURITE,EXTINCTEUR,,
INCENDIE ET SECURITE,EXTINCTEUR,A EAU AVEC ADDITIF,
INCENDIE ET SECURITE,EXTINCTEUR,A POUDRE,
INCENDIE ET SECURITE,EXTINCTEUR,AU CO2,
INCENDIE ET SECURITE,EXTINCTEUR,AUTOMATIQUE A POUDRE,
INCENDIE ET SECURITE,INSTALLATION FIXE D'EXTINCTION AUTOMATIQUE IFDA,,
INCENDIE ET SECURITE,INSTALLATION FIXE D'EXTINCTION AUTOMATIQUE IFDA,A GAZ,
INCENDIE ET SECURITE,INSTALLATION FIXE D'EXTINCTION AUTOMATIQUE IFDA,A MOUSSE,
INCENDIE ET SECURITE,INSTALLATION FIXE D'EXTINCTION AUTOMATIQUE IFDA,A POUDRE,
INCENDIE ET SECURITE,MATERIEL EXTINCTION INCENDIE,,
INCENDIE ET SECURITE,MATERIEL EXTINCTION INCENDIE,BAC A SABLE,
INCENDIE ET SECURITE,MATERIEL EXTINCTION INCENDIE,BOULE D'EXTINCTION,
INCENDIE ET SECURITE,MATERIEL EXTINCTION INCENDIE,SEAU INCENDIE,
INCENDIE ET SECURITE,ORGANE DE COUPURE EAU INCENDIE,,
INCENDIE ET SECURITE,PLAN D'EVACUATION,,
INCENDIE ET SECURITE,PORTE ISSUE DE SECOURS,,
INCENDIE ET SECURITE,REGISTRE DE SECURITE,,
INCENDIE ET SECURITE,RÉSEAU INCENDIE ET SÉCURITÉ,,
INCENDIE ET SECURITE,RESEAU SPRINKLER,,
INCENDIE ET SECURITE,RESEAU SPRINKLER,DISTRIBUTION SPRINKLER,
INCENDIE ET SECURITE,RESEAU SPRINKLER,GROUPE DE POMPAGE,
INCENDIE ET SECURITE,RESEAU SPRINKLER,POMPE JOCKEY,
INCENDIE ET SECURITE,RESEAU SPRINKLER,POSTE SPRINKLER,
INCENDIE ET SECURITE,RESEAU SPRINKLER,TETE SPRINKLER,
INCENDIE ET SECURITE,RESERVOIR INCENDIE,,
INCENDIE ET SECURITE,RESERVOIR INCENDIE,BACHE INCENDIE,
INCENDIE ET SECURITE,RESERVOIR INCENDIE,RESERVE D'EAU,
INCENDIE ET SECURITE,RESERVOIR INCENDIE,VESSIE INCENDIE,
INCENDIE ET SECURITE,ROBINET INCENDIE ARME RIA,,
INCENDIE ET SECURITE,SECURITE DES PERSONNES,,
INCENDIE ET SECURITE,SECURITE DES PERSONNES,DEFIBRILATEUR,
INCENDIE ET SECURITE,SECURITE DES PERSONNES,DOUCHE DE SECURITE,
INCENDIE ET SECURITE,SECURITE DES PERSONNES,PTI,
INCENDIE ET SECURITE,SYSTEME D'EVACUATION,,
INCENDIE ET SECURITE,SYSTEME D'EVACUATION,BOITIER DE COMMANDE UGIS,
INCENDIE ET SECURITE,SYSTEME D'EVACUATION,DIFFUSEUR LUMINEUX DL,
INCENDIE ET SECURITE,SYSTEME D'EVACUATION,DIFFUSEUR SONORE DS,
INCENDIE ET SECURITE,SYSTEME D'EVACUATION,DIFFUSEUR SONORE ET LUMINEUX DSL,
INCENDIE ET SECURITE,SYSTEME D'EVACUATION,SYSTÈME DE SONORISATION DE SÉCURITÉ (SSS),
INCENDIE ET SECURITE,SYSTEME D'EVACUATION,UNITE DE GESTION CENTRALISEE DES ISSUES DE SECOURS (UGCIS),
INCENDIE ET SECURITE,SYSTEME DE COMPARTIMENTAGE,,
INCENDIE ET SECURITE,SYSTEME DE COMPARTIMENTAGE,CLAPET COUPE-FEU,
INCENDIE ET SECURITE,SYSTEME DE COMPARTIMENTAGE,ÉCRAN DE CANTONNEMENT,
INCENDIE ET SECURITE,SYSTEME DE COMPARTIMENTAGE,PORTE COUPE-FEU,
INCENDIE ET SECURITE,SYSTEME DE COMPARTIMENTAGE,PORTE PARE-FLAMME,
INCENDIE ET SECURITE,SYSTEME DE COMPARTIMENTAGE,RIDEAU COUPE-FEU,
INCENDIE ET SECURITE,SYSTEME DE COMPARTIMENTAGE,RIDEAU D'EAU,
INCENDIE ET SECURITE,SYSTEME DE COMPARTIMENTAGE,TRAPPE COUPE-FEU,
INCENDIE ET SECURITE,SYSTEME DE COMPARTIMENTAGE,VENTOUSE ÉLECTROMAGNÉTIQUE,
INCENDIE ET SECURITE,SYSTEME DE COMPARTIMENTAGE,VOLET COUPE-FEU,
INCENDIE ET SECURITE,SYSTEME DE DESENFUMAGE,,
INCENDIE ET SECURITE,SYSTEME DE DESENFUMAGE,COFFRET DE RELAYAGE,
INCENDIE ET SECURITE,SYSTEME DE DESENFUMAGE,EXUTOIRE DE DESENFUMAGE OU SKYDOME,
INCENDIE ET SECURITE,SYSTEME DE DESENFUMAGE,OUVRANT DE DESENFUMAGE,
INCENDIE ET SECURITE,SYSTEME DE DESENFUMAGE,VOLET DE DESENFUMAGE,
INCENDIE ET SECURITE,SYSTEME DE DESENFUMAGE,VOLET DE TRANSFERT,
INCENDIE ET SECURITE,SYSTEME DE DETECTION INCENDIE,,
INCENDIE ET SECURITE,SYSTEME DE DETECTION INCENDIE,DECLENCHEUR MANUEL DM,
INCENDIE ET SECURITE,SYSTEME DE DETECTION INCENDIE,DETECTEUR AUTOMATIQUE DAI,
INCENDIE ET SECURITE,SYSTEME DE DETECTION INCENDIE,DETECTEUR AUTOMATIQUE DAI,DETECTEUR DE FUMEE
INCENDIE ET SECURITE,SYSTEME DE DETECTION INCENDIE,DETECTEUR AUTONOME DECLENCHEUR DAD,
INCENDIE ET SECURITE,SYSTEME DE DETECTION INCENDIE,INDICATEUR D'ACTION IA,
INCENDIE ET SECURITE,SYSTEME DE DETECTION INCENDIE,ORGANE INTERMEDIAIRE OI,
INCENDIE ET SECURITE,SYSTEME DE DETECTION INCENDIE,TABLEAU DE SIGNALISATION TS,
INCENDIE ET SECURITE,SYSTEME DE DETECTION INCENDIE,TABLEAU REPETITEUR D'EXPLOITATION TRE,
INCENDIE ET SECURITE,UNITE DE GESTION D'ALARME OU COFFRET D'ALERTE,,
LEVAGE ET MANUTENTION,,,
LEVAGE ET MANUTENTION,ASCENSEUR,,
LEVAGE ET MANUTENTION,ASCENSEUR,ASCENSEUR ELECTRIQUE,
LEVAGE ET MANUTENTION,ASCENSEUR,ASCENSEUR HYDRAULIQUE,
LEVAGE ET MANUTENTION,AUTRE,,
LEVAGE ET MANUTENTION,CHARIOT DE MANUTENTION,,
LEVAGE ET MANUTENTION,CHARIOT DE MANUTENTION,ÉLÉVATEUR,
LEVAGE ET MANUTENTION,CHARIOT DE MANUTENTION,MONTE CHARGE TÉLESCOPIQUE,
LEVAGE ET MANUTENTION,CHARIOT DE MANUTENTION,PRÉPARATEUR,
LEVAGE ET MANUTENTION,ECHAFAUDAGE,,
LEVAGE ET MANUTENTION,ECHAFAUDAGE,FIXE,
LEVAGE ET MANUTENTION,ECHAFAUDAGE,MOBILE,
LEVAGE ET MANUTENTION,ESCALATOR,,
LEVAGE ET MANUTENTION,ESCALATOR,ESCALIER MECANIQUE,
LEVAGE ET MANUTENTION,ESCALATOR,TROTTOIR ROULANT,
LEVAGE ET MANUTENTION,GERBEUR,,
LEVAGE ET MANUTENTION,GERBEUR,ELECTRIQUE,
LEVAGE ET MANUTENTION,GERBEUR,MANUEL,
LEVAGE ET MANUTENTION,GERBEUR,MINI,
LEVAGE ET MANUTENTION,MONTE-CHARGE,,
LEVAGE ET MANUTENTION,MONTE-CHARGE,ACCOMPAGNE,
LEVAGE ET MANUTENTION,MONTE-CHARGE,MINI,
LEVAGE ET MANUTENTION,MONTE-CHARGE,MONTE ESCALIER,
LEVAGE ET MANUTENTION,MONTE-CHARGE,MONTE VOITURE,
LEVAGE ET MANUTENTION,MONTE-CHARGE,NON ACCOMPAGNE,
LEVAGE ET MANUTENTION,NACELLE,,
LEVAGE ET MANUTENTION,NACELLE,CISEAU,
LEVAGE ET MANUTENTION,NACELLE,DE FACADE,
LEVAGE ET MANUTENTION,NACELLE,SUR CAMION,
LEVAGE ET MANUTENTION,NACELLE,TELESCOPIQUE,
LEVAGE ET MANUTENTION,PALAN - POTENCE - PORTIQUE,,
LEVAGE ET MANUTENTION,PALAN - POTENCE - PORTIQUE,PALAN,
LEVAGE ET MANUTENTION,PALAN - POTENCE - PORTIQUE,PORTIQUE,
LEVAGE ET MANUTENTION,PALAN - POTENCE - PORTIQUE,POTENCE,
LEVAGE ET MANUTENTION,PONT,,
LEVAGE ET MANUTENTION,PONT,ELEVATEUR,
LEVAGE ET MANUTENTION,PONT,ROULANT,
LEVAGE ET MANUTENTION,TABLE ELEVATRICE,,
LEVAGE ET MANUTENTION,TRANSPALETTE,,
LEVAGE ET MANUTENTION,TRANSPALETTE,CONDUCTEUR PORTÉ,
LEVAGE ET MANUTENTION,TRANSPALETTE,ELECTRIQUE,
LEVAGE ET MANUTENTION,TRANSPALETTE,HAUTE LEVÉE,
LEVAGE ET MANUTENTION,TRANSPALETTE,MANUEL,
LEVAGE ET MANUTENTION,TREUIL,,
LEVAGE ET MANUTENTION,TREUIL,ELECTRIQUE,
LEVAGE ET MANUTENTION,TREUIL,HYDRAULIQUE,
LEVAGE ET MANUTENTION,TREUIL,MANUEL,
LEVAGE ET MANUTENTION,TREUIL,MÉCANIQUE,
LEVAGE ET MANUTENTION,TREUIL,PNEUMATIQUE,
MÉTROLOGIE,,,
MÉTROLOGIE,ANALYSEUR DE COMBUSTION,,
MÉTROLOGIE,AUTRE,,
MÉTROLOGIE,CENTRALE DÉTECTION GAZ,,
MÉTROLOGIE,COMPTEUR,,
MÉTROLOGIE,COMPTEUR,AIR COMPRIME,
MÉTROLOGIE,COMPTEUR,D'ENERGIE CONCESSIONNAIRE,
MÉTROLOGIE,COMPTEUR,D'ENERGIE DIVISIONNAIRE,
MÉTROLOGIE,COMPTEUR,D'ENERGIE GENERAL,
MÉTROLOGIE,COMPTEUR,EAU CONCESSIONNAIRE,
MÉTROLOGIE,COMPTEUR,EAU DIVISIONNAIRE,
MÉTROLOGIE,COMPTEUR,EAU GENERAL,
MÉTROLOGIE,COMPTEUR,ELECTRIQUE CONCESSIONNAIRE,
MÉTROLOGIE,COMPTEUR,ELECTRIQUE DIVISIONNAIRE,
MÉTROLOGIE,COMPTEUR,ELECTRIQUE GENERAL,
MÉTROLOGIE,COMPTEUR,FIOUL GENERAL,
MÉTROLOGIE,COMPTEUR,GAZ CONCESSIONNAIRE,
MÉTROLOGIE,COMPTEUR,GAZ DIVISIONNAIRE,
MÉTROLOGIE,COMPTEUR,GAZ GENERAL,
MÉTROLOGIE,DÉBITMÈTRE,,
MÉTROLOGIE,DÉTECTEUR GAZ,,
MÉTROLOGIE,MANOMÈTRE,,
MÉTROLOGIE,ROTAMETRE,,
MÉTROLOGIE,THERMOMÈTRE,,
OUVERTURES MECANISEES,,,
OUVERTURES MECANISEES,AUTRE,,
OUVERTURES MECANISEES,NIVELEUR DE QUAI,,
OUVERTURES MECANISEES,NIVELEUR DE QUAI,A LÈVRES,
OUVERTURES MECANISEES,NIVELEUR DE QUAI,PONT ÉQUILIBRE,
OUVERTURES MECANISEES,NIVELEUR DE QUAI,PONTS DE LIAISON,
OUVERTURES MECANISEES,PORTAIL,,
OUVERTURES MECANISEES,PORTAIL,BATTANT,
OUVERTURES MECANISEES,PORTAIL,COULISSANT,
OUVERTURES MECANISEES,PORTE DE GARAGE,,
OUVERTURES MECANISEES,PORTE DE GARAGE,ACCORDÉON,
OUVERTURES MECANISEES,PORTE DE GARAGE,BASCULANTE,
OUVERTURES MECANISEES,PORTE DE GARAGE,BATTANTE,
OUVERTURES MECANISEES,PORTE DE GARAGE,COULISSANTE,
OUVERTURES MECANISEES,PORTE DE GARAGE,ENROULABLE,
OUVERTURES MECANISEES,PORTE DE GARAGE,SECTIONNELLE,
OUVERTURES MECANISEES,PORTE PIÉTONNE,,
OUVERTURES MECANISEES,PORTE PIÉTONNE,PORTE BATTANTE,
OUVERTURES MECANISEES,PORTE PIÉTONNE,PORTE COULISSANTE,
OUVERTURES MECANISEES,PORTE PIÉTONNE,PORTE TAMBOUR,
OUVERTURES MECANISEES,PORTE PIÉTONNE,PORTILLON,
OUVERTURES MECANISEES,PORTE RAPIDE,,
OUVERTURES MECANISEES,RIDEAU MÉTALLIQUE,,
OUVERTURES MECANISEES,SAS ET ÉTANCHÉITÉ,,
OUVERTURES MECANISEES,SAS ET ÉTANCHÉITÉ,A BÂCHES,
OUVERTURES MECANISEES,SAS ET ÉTANCHÉITÉ,A BOURRELET,
OUVERTURES MECANISEES,SAS ET ÉTANCHÉITÉ,GONFLABLES,
OUVERTURES MECANISEES,SAS ET ÉTANCHÉITÉ,PORTE A LANIÈRES,
PLOMBERIE,,,
PLOMBERIE,APPROVISIONNEMENT GAZ,,
PLOMBERIE,APPROVISIONNEMENT GAZ,FILTRE GAZ,
PLOMBERIE,APPROVISIONNEMENT GAZ,POSTE DE DETENTE,
PLOMBERIE,APPROVISIONNEMENT GAZ,RESEAU GAZ,
PLOMBERIE,APPROVISIONNEMENT GAZ,VANNE BARRAGE GAZ,
PLOMBERIE,APPROVISIONNEMENT GAZ,VANNES ET ROBINETTERIE GAZ,
PLOMBERIE,APPROVISIONNEMENT GAZ,VOLUME TAMPON GAZ,
PLOMBERIE,AUTRE,,
PLOMBERIE,DISPOSITIF ANTI-POLLUTION,,
PLOMBERIE,DISPOSITIF ANTI-POLLUTION,CLAPET ANTI-POLLUTION NF,
PLOMBERIE,DISPOSITIF ANTI-POLLUTION,CLAPET ANTI-RETOUR,
PLOMBERIE,DISPOSITIF ANTI-POLLUTION,DISCONNECTEUR,
PLOMBERIE,EQUIPEMENT SANITAIRE,,
PLOMBERIE,EQUIPEMENT SANITAIRE,BAIGNOIRE,
PLOMBERIE,EQUIPEMENT SANITAIRE,BLOC SANITAIRE,
PLOMBERIE,EQUIPEMENT SANITAIRE,BROYEUR SANITAIRE,
PLOMBERIE,EQUIPEMENT SANITAIRE,DOUCHE,
PLOMBERIE,EQUIPEMENT SANITAIRE,EVIER,
PLOMBERIE,EQUIPEMENT SANITAIRE,LAVABO,
PLOMBERIE,EQUIPEMENT SANITAIRE,LAVE MAINS,
PLOMBERIE,EQUIPEMENT SANITAIRE,SÈCHE MAINS,
PLOMBERIE,EQUIPEMENT SANITAIRE,URINOIR,
PLOMBERIE,EQUIPEMENT SANITAIRE,VIDOIR,
PLOMBERIE,EQUIPEMENT SANITAIRE,WC,
PLOMBERIE,ORGANE DE COUPURE EAU SANITAIRE,,
PLOMBERIE,POMPE,,
PLOMBERIE,POMPE,POMPE DE RELEVAGE,
PLOMBERIE,POMPE,POMPE GENIE CLIMATIQUE,
PLOMBERIE,POMPE,POMPE POUR ADDUCTION,
PLOMBERIE,PRODUCTION ET STOCKAGE ECS,,
PLOMBERIE,PRODUCTION ET STOCKAGE ECS,BALLON DE STOCKAGE ECS,
PLOMBERIE,PRODUCTION ET STOCKAGE ECS,BALLON ECS A SOURCE MIXTE,
PLOMBERIE,PRODUCTION ET STOCKAGE ECS,BALLON ECS ELECTRIQUE,
PLOMBERIE,PRODUCTION ET STOCKAGE ECS,BALLON ECS GAZ,
PLOMBERIE,PRODUCTION ET STOCKAGE ECS,BALLON ECS HYDRAULIQUE,
PLOMBERIE,PRODUCTION ET STOCKAGE ECS,BALLON ECS THERMODYNAMIQUE,
PLOMBERIE,PRODUCTION ET STOCKAGE ECS,MITIGEUR THERMOSTATIQUE,
PLOMBERIE,PRODUCTION ET STOCKAGE ECS,RECHAUFFEUR / SURCHAUFFEUR,
PLOMBERIE,PROTECTION DES RESEAUX,,
PLOMBERIE,PROTECTION DES RESEAUX,ANTI-BELIER,
PLOMBERIE,PROTECTION DES RESEAUX,BOUTEILLE DE DEGAZAGE,
PLOMBERIE,PROTECTION DES RESEAUX,COMPENSATEUR DE DILATATION,
PLOMBERIE,PROTECTION DES RESEAUX,LIMITEUR DE PRESSION,
PLOMBERIE,PROTECTION DES RESEAUX,MANCHON ANTI-VIBRATOIRE,
PLOMBERIE,PROTECTION DES RESEAUX,SOUPAPE DE SURETE,
PLOMBERIE,PROTECTION DES RESEAUX,VASE D'EXPANSION,
PLOMBERIE,REGULATEUR DE PRESSION,,
PLOMBERIE,REGULATEUR DE PRESSION,AERO-EJECTEUR,
PLOMBERIE,REGULATEUR DE PRESSION,DETENDEUR,
PLOMBERIE,REGULATEUR DE PRESSION,GROUPE DE MAINTIEN DE PRESSION,
PLOMBERIE,REGULATEUR DE PRESSION,PRESSOSTAT HYDRAULIQUE,
PLOMBERIE,REGULATEUR DE PRESSION,PURGEUR,
PLOMBERIE,REGULATEUR DE PRESSION,SURPRESSEUR,
PLOMBERIE,RÉSEAU HYDRAULIQUE,,
PLOMBERIE,RÉSEAU HYDRAULIQUE,BOUTEILLE DE MELANGE,
PLOMBERIE,RÉSEAU HYDRAULIQUE,COLLECTEUR NOURRICE,
PLOMBERIE,RÉSEAU HYDRAULIQUE,DISTRIBUTION,
PLOMBERIE,RÉSEAU HYDRAULIQUE,POINT DE PUISAGE,
PLOMBERIE,RÉSEAU HYDRAULIQUE,TURBINE,
PLOMBERIE,RESERVOIR,,
PLOMBERIE,RESERVOIR,BÂCHE,
PLOMBERIE,RESERVOIR,FOSSE DE RELEVAGE,
PLOMBERIE,TRAITEMENT D'EAU,,
PLOMBERIE,TRAITEMENT D'EAU,ADOUCISSEUR,
PLOMBERIE,TRAITEMENT D'EAU,ADOUCISSEUR,A RESINE
PLOMBERIE,TRAITEMENT D'EAU,ADOUCISSEUR,AU CO2
PLOMBERIE,TRAITEMENT D'EAU,ANALYSEUR D'EAU,
PLOMBERIE,TRAITEMENT D'EAU,BAC A GRAISSE,
PLOMBERIE,TRAITEMENT D'EAU,BAC DE TRAITEMENT,
PLOMBERIE,TRAITEMENT D'EAU,CARBONATATION,
PLOMBERIE,TRAITEMENT D'EAU,DECHLORAMINATEUR UV,
PLOMBERIE,TRAITEMENT D'EAU,FILTRE,
PLOMBERIE,TRAITEMENT D'EAU,GROUPE DE DOSAGE,
PLOMBERIE,TRAITEMENT D'EAU,OSMOSEUR,
PLOMBERIE,TRAITEMENT D'EAU,POMPE DOSEUSE,
PLOMBERIE,TRAITEMENT D'EAU,POT A BOUE,
PLOMBERIE,TRAITEMENT D'EAU,POT D'INJECTION,
PLOMBERIE,TRAITEMENT D'EAU,POT DE DECANTATION,
PLOMBERIE,TRAITEMENT D'EAU,SEPARATEUR,
PLOMBERIE,TRAITEMENT D'EAU,SEPARATEUR,A FECULE
PLOMBERIE,TRAITEMENT D'EAU,SEPARATEUR,A HYDROCARBURE
PLOMBERIE,TRAITEMENT D'EAU,STERILISATEUR UV,
PLOMBERIE,TRAITEMENT D'EAU,SURCHLOREUR,
PLOMBERIE,VANNE,,
PLOMBERIE,VANNE,2 VOIES (V2V),
PLOMBERIE,VANNE,ÉLECTROVANNE,
PLOMBERIE,VANNE,VANNE 2 VOIES MOTORISÉE (V2V),
PLOMBERIE,VANNE,VANNE 3 VOIES (V3V),
PLOMBERIE,VANNE,VANNE 3 VOIES MOTORISÉE (V3V),
PLOMBERIE,VANNE,VANNE D’ÉQUILIBRAGE,
PLOMBERIE,VANNE,VANNE DE DÉCHARGE,
PLOMBERIE,VANNE,VANNE DE DÉTENTE,
PLOMBERIE,VANNE,VANNE PAPILLON,